{
  "version": "4.5",
  "lists": [
    {
      "title": "Visits",
      "icon": "fal fa-table",
      "roles": [ "Permissions.Visits.Manage" ],
      "items": [
        {
          "title": "Normal",
          "showOnSeed": false,
          "href": "Visits_Normal.html",
          "roles": []
        },
        {
          "title": "Virtual",
          "showOnSeed": false,
          "href": "Visits_Virtual.html",
          "roles": []
        }

      ]
    },
    {
      "title": "Services",
      "icon": "fal fa-briefcase-medical",
      "roles": [ "Permissions.Services.Manage" ],
      "items": [
        {
          "title": "Index",
          "showOnSeed": false,
          "href": "Services_Index.html",
          "roles": []
        },
        {
          "title": "Create",
          "showOnSeed": false,
          "href": "Services_Create.html",
          "roles": []
        }

      ]
    },
    {
      "title": "Filters",
      "icon": "fal fa-chart-pie",
      "roles": [ "Permissions.Filters.Manage" ],
      "items": [
        {
          "title": "Index",
          "showOnSeed": false,
          "href": "Category_Index.html",
          "roles": []
        },
        {
          "title": "Create",
          "showOnSeed": false,
          "href": "Category_Create.html",
          "roles": []
        }

      ]
    },
    {
      "title": "Packages",
      "icon": "fal fa-table",
      "roles": [ "Permissions.Packages.Manage" ],
      "items": [
        {
          "title": "Index",
          "showOnSeed": false,
          "href": "Package_Index.html",
          "roles": []
        },
        {
          "title": "Create",
          "showOnSeed": false,
          "href": "Package_Create.html",
          "roles": []
        }

      ]
    },
    {
      "title": "Mobile Users",
      "icon": "fal fa-users",
      "roles": [ "Permissions.UsersMobile.Manage" ],
      "items": [
        {
          "title": "Index",
          "showOnSeed": false,
          "href": "UserMobile_Index.html",
          "roles": []
        }


      ]
    },
    {
      "title": "Medical Profile",
      "icon": "fal fa-table",
      "roles": [ "Permissions.MedicalProfile.Manage" ],
      "items": [
        {
          "title": "Allergies",
          "showOnSeed": false,
          "href": "Allergies_Index.html",
          "roles": []
        },
        {
          "title": "Medications",
          "showOnSeed": false,
          "href": "Medications_Index.html",
          "roles": []
        },
        {
          "title": "Injuries",
          "showOnSeed": false,
          "href": "Injuries_Index.html",
          "roles": []
        },
        {
          "title": "Surgeries",
          "showOnSeed": false,
          "href": "Surgeries_Index.html",
          "roles": []
        },
        {
          "title": "Chronic Diseases",
          "showOnSeed": false,
          "href": "ChronicDiseases_Index.html",
          "roles": []
        }
      ]
    },
    {
      "title": "Start Pages",
      "icon": "fal fa-table",
      "roles": [ "Permissions.StartPages.Manage" ],
      "items": [
        {
          "title": "Index",
          "showOnSeed": false,
          "href": "StartPages_Index.html",
          "roles": []
        },
        {
          "title": "Create",
          "showOnSeed": false,
          "href": "StartPages_Create.html",
          "roles": []
        }

      ]
    },

    {
      "title": "Gallery",
      "icon": "fal fa-table",
      "roles": [ "Permissions.Gallery.Manage" ],
      "items": [
        {
          "title": "Index",
          "showOnSeed": false,
          "href": "Gallery_index.html",
          "roles": []
        }

      ]
    },

    {
      "title": "Authorization",
      "icon": "fal fa-shield-alt",
      "roles": [ "Permissions.Users.View", "Permissions.Roles.View" ],
      "items": [
        {
          "title": "Manage Users",
          "showOnSeed": false,
          "href": "Administration_ListUsers.html",
          "roles": [ "Permissions.Users.View" ]
        },
        {
          "title": "Roles & Permissions",
          "showOnSeed": false,
          "href": "Administration_ListRoles.html",
          "roles": [ "Permissions.Roles.View" ]
        }

      ]
    }

  ]
}

