{
	"data":[
	{
		"DT_RowId":"1",
		"ipAddress":"129.214.37.146",
		"status":"active",
		"port":"8080",
		"adate":"2020-01-07",
		"user":"interdum.nunc@iaculis.ca",
		"package":"gold",
		"balance":"-149.99"
	},
	{
		"DT_RowId":"2",
		"ipAddress":"24.82.176.198",
		"status":"inactive",
		"port":"8080",
		"adate":"2019-07-11",
		"user":"et@aliquameros.edu",
		"package":"gold",
		"balance":"-149.99"
	},
	{
		"DT_RowId":"3",
		"ipAddress":"51.32.154.183",
		"status":"disabled",
		"port":"8070",
		"adate":"2010-07-18",
		"user":"enim.suspdisse@auctor.org",
		"package":"free",
		"balance":"0"
	},
	{
		"DT_RowId":"4",
		"ipAddress":"17.228.245.172",
		"status":"disabled",
		"port":"8070",
		"adate":"2017-01-01",
		"user":"risus.quis@Proinvel.ca",
		"package":"platinum",
		"balance":"0"
	},
	{
		"DT_RowId":"5",
		"ipAddress":"89.196.39.41",
		"status":"active",
		"port":"8070",
		"adate":"2014-10-12",
		"user":"dolor@purus.net",
		"package":"platinum",
		"balance":"-299.98"
	},
	{
		"DT_RowId":"6",
		"ipAddress":"5.215.234.178",
		"status":"active",
		"port":"8070",
		"adate":"1998-03-12",
		"user":"facilisis.vitae@turpisnecmauris.co.uk",
		"package":"free",
		"balance":"0"
	},
	{
		"DT_RowId":"7",
		"ipAddress":"213.134.214.213",
		"status":"active",
		"port":"8070",
		"adate":"2018-04-17",
		"user":"non.arcu@nisiCum.org",
		"package":"gold",
		"balance":"-149.99"
	},
	{
		"DT_RowId":"8",
		"ipAddress":"192.168.41.91",
		"status":"inactive",
		"port":"8070",
		"adate":"2011-06-07",
		"user":"in@zeam.org",
		"package":"silver",
		"balance":"-79.99"
	},
	{
		"DT_RowId":"9",
		"ipAddress":"192.168.0.1",
		"status":"inactive",
		"port":"8070",
		"adate":"2013-09-11",
		"user":"massa.quisque@amagna.net",
		"package":"payg",
		"balance":"-12.56"
	},
	{
		"DT_RowId":"10",
		"ipAddress":"168.164.216.131",
		"status":"active",
		"port":"8070",
		"adate":"2011-09-12",
		"user":"in@enim.org",
		"package":"payg",
		"balance":"-88.47"
	},
	{
		"DT_RowId":"11",
		"ipAddress":"192.134.164.164",
		"status":"partial",
		"port":"8070",
		"adate":"2015-12-12",
		"user":"nunc.quis@pretium.org",
		"package":"payg",
		"balance":"10.46"
	},
	{
		"DT_RowId":"12",
		"ipAddress":"29.238.20.235",
		"status":"disabled",
		"port":"8070",
		"adate":"2012-01-01",
		"user":"eros@mollis.org",
		"package":"free",
		"balance":"0"
	},
	{
		"DT_RowId":"13",
		"ipAddress":"142.245.131.149",
		"status":"partial",
		"port":"8070",
		"adate":"2010-10-01",
		"user":"rutrum@infaucibus.net",
		"package":"platinum",
		"balance":"0"
	},
	{
		"DT_RowId":"14",
		"ipAddress":"68.177.217.63",
		"status":"inactive",
		"port":"8070",
		"adate":"2017-03-03",
		"user":"nisi.mauris@lectus.net",
		"package":"gold",
		"balance":"0"
	},
	{
		"DT_RowId":"15",
		"ipAddress":"158.206.79.183",
		"status":"active",
		"port":"8070",
		"adate":"2018-01-15",
		"user":"nulla@enim.com",
		"package":"silver",
		"balance":"0"
	},
	{
		"DT_RowId":"16",
		"ipAddress":"22.220.178.92",
		"status":"active",
		"port":"8070",
		"adate":"2017-12-12",
		"user":"eu.metus@sitamet.net",
		"package":"platinum",
		"balance":"0"
	},
	{
		"DT_RowId":"17",
		"ipAddress":"194.27.166.37",
		"status":"disabled",
		"port":"8070",
		"adate":"2015-02-19",
		"user":"nisi.mauris@lectus.net",
		"package":"platinum",
		"balance":"0"
	},
	{
		"DT_RowId":"18",
		"ipAddress":"246.126.68.209",
		"status":"active",
		"port":"8070",
		"adate":"2017-01-21",
		"user":"ut.ipsum.ac@duisvolutpatnunc.ca",
		"package":"free",
		"balance":"0"
	},
	{
		"DT_RowId":"19",
		"ipAddress":"164.152.114.137",
		"status":"disabled",
		"port":"8070",
		"adate":"2017-07-25",
		"user":"eu.metus@sitamet.net",
		"package":"free",
		"balance":"0"
	},
	{
		"DT_RowId":"20",
		"ipAddress":"161.252.28.87",
		"status":"disabled",
		"port":"8070",
		"adate":"2019-04-19",
		"user":"sed@neque.edu",
		"package":"platinum",
		"balance":"0"
	}
	]
}