{
  "project_info": {
    "project_number": "586443663572",
    "project_id": "yabraa-mediacal-center",
    "storage_bucket": "yabraa-mediacal-center.appspot.com"
  },
  "client": [
    {
      "client_info": {
        "mobilesdk_app_id": "1:586443663572:android:782a5e6b77b4d826a5f341",
        "android_client_info": {
          "package_name": "com.yabraa.medical"
        }
      },
      "oauth_client": [
        {
          "client_id": "586443663572-m3o9cmjaagvcu10dduh832lkhqeu1suq.apps.googleusercontent.com",
          "client_type": 3
        }
      ],
      "api_key": [
        {
          "current_key": "AIzaSyBeVjNeRlk_P9LWzOps0ypDasWh1rhuuNs"
        }
      ],
      "services": {
        "appinvite_service": {
          "other_platform_oauth_client": [
            {
              "client_id": "586443663572-m3o9cmjaagvcu10dduh832lkhqeu1suq.apps.googleusercontent.com",
              "client_type": 3
            }
          ]
        }
      }
    },
    {
      "client_info": {
        "mobilesdk_app_id": "1:586443663572:android:fd809a6863780a0ea5f341",
        "android_client_info": {
          "package_name": "com.yabraa.medical.stage"
        }
      },
      "oauth_client": [
        {
          "client_id": "586443663572-m3o9cmjaagvcu10dduh832lkhqeu1suq.apps.googleusercontent.com",
          "client_type": 3
        }
      ],
      "api_key": [
        {
          "current_key": "AIzaSyBeVjNeRlk_P9LWzOps0ypDasWh1rhuuNs"
        }
      ],
      "services": {
        "appinvite_service": {
          "other_platform_oauth_client": [
            {
              "client_id": "586443663572-m3o9cmjaagvcu10dduh832lkhqeu1suq.apps.googleusercontent.com",
              "client_type": 3
            }
          ]
        }
      }
    }
  ],
  "configuration_version": "1"
}